,RMSE,MAPE,SNR,PCC,ModelName,hoMR,impMR,redMR,cvFold
0,1.0992867112184403,0.10724712851632719,3.3220993054391994,0.6240368764734163,MIST,0.4319075910240456,0.0014838539486285462,0.43042373707541703,0
0,1.1070749636302153,0.10784149992025568,3.3148314087586073,0.6217442465476372,MIST,0.4319075910240456,0.0017533849074132482,0.43015420611663235,1
0,1.0856899279694432,0.1064838051915507,3.3346208591401667,0.6285961016573354,MIST,0.4319075910240456,0.0015311652339471376,0.43037642579009844,2
0,1.087724518745931,0.10757850764455418,3.3215990845447045,0.6319808799238172,MIST,0.4319075910240456,0.0008516031357346439,0.43105598788831095,3
0,1.065224687956212,0.10661230036765285,3.339475260048876,0.6421726732017412,MIST,0.4369211535925036,0.0004315362691180603,0.43648961732338554,4
