,RMSE,MAPE,SNR,PCC,ModelName,hoMR,impMR,redMR,cvFold
0,0.998709040761775,0.11406880472073803,3.245342311522858,0.6931423070787209,MIST,0.42343356059799014,0.0006828296817111135,0.422750730916279,0
0,1.015135854801276,0.11452191746170526,3.238566507725314,0.6831406458059254,MIST,0.42343356059799014,0.0012295373033628066,0.42220402329462736,1
0,1.024600969525585,0.11460820192845696,3.2379492124410865,0.6790608494137194,MIST,0.42343356059799014,0.001876117088645053,0.4215574435093451,2
0,1.0158716257454685,0.11446698149420764,3.2435701510787713,0.6838562385278181,MIST,0.42343356059799014,0.0016726737923605933,0.42176088680562956,3
0,1.0085822307455612,0.1147065597547392,3.243734164909248,0.6876409043453376,MIST,0.42798551187812933,0.0009898441106494797,0.4269956677674798,4
