,RMSE,MAPE,SNR,PCC,ModelName,hoMR,impMR,redMR,cvFold
0,0.9180719764048063,0.08091518817318934,3.7185892553936895,0.7927748382535379,MIST,0.4553589353830269,0.0006309691111939656,0.45472796627183293,0
0,0.9181797891561634,0.08035410047626453,3.7261758690808224,0.7911981332234882,MIST,0.4553589353830269,0.0007851263372243095,0.4545738090458026,1
0,0.9652456979501652,0.08197865080202256,3.691634355198507,0.7727275528155734,MIST,0.4553589353830269,0.0020972552843663062,0.4532616800986606,2
0,0.9183428475847702,0.08038175244623783,3.7233980314554938,0.7918178737125126,MIST,0.4553589353830269,0.0007385206642383916,0.4546204147187885,3
0,0.9219306121940481,0.08134141488805326,3.710631654321825,0.7888235240211322,MIST,0.46219921415665244,0.0007026701465569163,0.46149654401009554,4
