,RMSE,MAPE,SNR,PCC,ModelName,hoMR,impMR,redMR,cvFold
0,0.9367654192526352,0.11236912083924443,3.2822886479948234,0.7252082763040649,MIST,0.41485131014979454,0.0007039820680402183,0.4141473280817543,0
0,0.940096527436069,0.11229727337960167,3.284318457782699,0.7230730887042615,MIST,0.41485131014979454,0.0009555477000574433,0.4138957624497371,1
0,0.9222800296988741,0.11187728779292151,3.2928319492997837,0.733876458219768,MIST,0.41485131014979454,0.00011749772034337454,0.4147338124294512,2
0,0.9382380060194422,0.11239540513545868,3.2828996196413147,0.7242358598802868,MIST,0.41485131014979454,0.0008124415022033333,0.4140388686475912,3
0,0.9892839029674513,0.11556803774905314,3.2385352178415308,0.6982728576153326,MIST,0.419010930300754,0.0019894272136771365,0.41702150308707686,4
